"Part No.","Part description","Group number","Group name","In stock","Available","Expected, available","Reorder point","Vendor number","Vendor name","Vendor part no.","Lead time","Price per UoM","Subtotal","Notes","BWE added value cost","Buy Price","Supplier 1","S1 Buy price","Vender Part Number","Supplier 2","S2 Buy Price","Vender 2 Part Number","Sell Price"
"VLPA-017","1/4 BSP to 2x 6mm straight/ side T fitting","AG00005.2","Air System",0,0,0,50,"V00006","www.kaiyuanpneumatic.com","PD6-02",0,1,50,,,"$1",,,,"Ningbo Smart Pneumatic","'-",,
"VLPA-083","1/4BSP F/Male-F/Male brass elbow","AG00005.2","Air System",7,4,0,50,"V00060","NINGBO KEPLER AUTOMATION CO., LTD (NINGBO SHIMAOTONG INTERNATIONAL",,30,0.75,34.5,,,,,,,,,,
"VLPA-023","1/4BSP plug male brass","AG00005.2","Air System",6,6,0,20,"V00057","NINGBO SMART PNEUMATIC CO LTD",,30,1.8,25.2,,,0,,,,"Ningbo Smart Pneumatic","'-",,
"VLPA-018","1/8BSP Female to 6mm 90 deg fitting","AG00005.2","Air System",48,46,0,50,"V00006","www.kaiyuanpneumatic.com","PLF6-01",0,12,48,,,"$12",,,,"Ningbo Smart Pneumatic","'-",,
"VLPE-046","2pin chassis plug male (red/green lights)","AG00005.3","Electrical",0,0,0,20,,,,,,,,,"$2.30",,,,"Jaycar","'-",,
"VLPE-047","2pin line plug female (red/green lights)","AG00005.3","Electrical",10,10,0,20,"V00294","Electus Distribution","PS2014",30,2.72,27.2,,,"$2.30",,,,"Jaycar","'-",,
"PBPE-011","3 PIN FEMALE LINE MICROPHONE CONNECTOR","AG00004.2","PipeBOSS",0,0,0,5,"V00042","ALTRONICS","P0949",10,3.95,19.75,,,,,,,,,,
"PBPE-010","3 PIN MALE CHASSIS MOUNT MICROPHONE CONNECTOR","AG00004.2","PipeBOSS",0,0,0,5,"V00042","ALTRONICS","P0954",10,4.5,22.5,,,,,,,,,,
"VLPE-023","3 pin plug male line for battery charger","AG00005.3","Electrical",0,0,0,20,,,,,,,,,"$1.89","Altronics",,"P0802","Electus","'-","PP1012",
"VLPA-041","300mm round pad (Airbest)","AG00005.2","Air System",12,4,0,5,"V00101","AIRBEST (CHANGXING) TECHNOLOGY CO., LTD","SFG300HE-G4F",30,142.5,142.5,,,,,,,"'-","'-",,
"5MM DIMPLE RUBBER BLACK","5MM DIMPLE RUBBER BLACK",,,0,0,0,2.88,"V00315","CLARK RUBBER",,20,1,2.88,,,,,,,,,,
"A0001160","6 MM FIBER CEMENT SHEET",,,0,0,0,2.88,"V00030","BUNNINGS",,2,20,57.6,,,20,,,,,,,
"VLPA-049","6mm - 6mm 90deg fitting","AG00005.2","Air System",96,95,0,100,"V00006","www.kaiyuanpneumatic.com","'-",30,2.5,12.5,,,0,,,,"'-","'-",,
"VLPA-012","6mm to 6mm hose joiner","AG00005.2","Air System",0,0,0,50,"V00006","www.kaiyuanpneumatic.com","'-",0,0,0,,,0,,,,"Ningbo Smart Pneumatic","'-",,
"PBPE-009","8 PIN FEMALE LINE MICROPHONE CONNECTOR","AG00004.2","PipeBOSS",0,0,0,5,"V00042","ALTRONICS","P0952",10,4.6,23,,,,,,,,,,
"VLPA-090","8mm hose to 1/8BSP 90 deg elbow","AG00005.2","Air System",0,0,0,20,,,,,,,,,,,,,,,,
"VLPA-021","8mm to 6mm push in joiner","AG00005.2","Air System",0,0,0,50,"V00006","www.kaiyuanpneumatic.com","'-",0,0,0,,,0,,,,"Ningbo Smart Pneumatic","'-",,
"VLPA-011","8mm to 8mm hose joiner PVC","AG00005.2","Air System",0,0,0,50,"V00006","www.kaiyuanpneumatic.com","'-",0,0,0,,,0,,,,"Ningbo Smart Pneumatic","'-",,
"VLPA-037","8mm to 8mm hose joiner Steel","AG00005.2","Air System",0,0,0,20,,,,,,,,,0,,,,"'-","'-",,
"VLPA-019","8mm to 8mm tap/valve plastic fitting","AG00005.2","Air System",0,0,0,20,"V00006","www.kaiyuanpneumatic.com","HVFF-08",0,0,0,,,0,,,,"Ningbo Smart Pneumatic","'-",,
"VLPE-009","9 pin plug chassis rectangle for pendant","AG00005.3","Electrical",0,0,0,10,,,,,,,,,"$1.95","altronics",,"P3010",,"'-",,
"VLPA-069","90deg Brass Male-Male 1/4 BSP","AG00005.2","Air System",0,0,0,10,,,,,,,,,0,,,,"'-","'-",,
"VLPE-025","9pin plug line rectangle pendant cord w/proof","AG00005.3","Electrical",0,0,0,20,,,,,,,,,"$9.69","Altronics",,"P9656",,"'-",,
"VLPA-056","Air hose Clear 8mm","AG00005.2","Air System",0,-10,0,50,"V00014","'-","'-",0,0.3,18,,,".30c perM",,,,"Ningbo Smart Pneumatic","'-",,
"VLPA-180","Air hose DARK BLUE 8mm","AG00005.2","Air System",40,40,0,50,"V00060","NINGBO KEPLER AUTOMATION CO., LTD (NINGBO SHIMAOTONG INTERNATIONAL","PU8X5DB",30,0.8625,8.625,,,".30c perM",,,,"Ningbo Smart Pneumatic","'-",,
"VLPA-055","Air hose Green 8mm","AG00005.2","Air System",0,-10,0,50,"V00014","'-","'-",0,0.3,18,,,".30c perM",,,,"Ningbo Smart Pneumatic","'-",,
"VLPA-054","Air hose Orange 8mm","AG00005.2","Air System",0,0,0,50,"V00014","'-","'-",0,0.3,15,,,".30c perM",,,,"Ningbo Smart Pneumatic","'-",,
"VLPA-027","Air tank (large) 100x160mm","AG00005.2","Air System",0,0,0,10,"V00024","BWE","'-",0,0,0,,,0,,,,"'-","'-",,
"VLPA-028","Air tank (small) 100x35mm","AG00005.2","Air System",0,0,0,2,"V00024","BWE","'-",0,0,0,,,0,,,,"'-","'-",,
"VLPH-005","Auto check valve for cylinder 53512","AG00005.1","Hydraulic",0,0,0,2,"V00035","Qingdao Wantong Hyd Pwr",,0,43,86,,,"$43",,,,"'-","'-",,
"VLPE-021","Battery Charger 110VAC 12V 8A (USA Plug)","AG00005.3","Electrical",0,0,0,2,"V00031","Ultipower","EPA150-12",0,60,120,,,"$60",,,,"www.ivcharger.com.cn","'-",,
"PPBE-012","BATTERY UNIT LIFEP04 LITHIUM IRON PHOSP","AG00005.3","Electrical",0,0,0,5,"V00294","Electus Distribution",,15,1,5,,,,,,,,,,
"VLPE-077","Bushing kit Auspicious pendant","AG00005.3","Electrical",0,0,0,50,"V00015","Auspicious Elec Eng",34411,0,3.37,168.5,,,"$3.37",,,,"'-","'-",,
"VLPE-060","Cable power fig8 for Hydraulic power pack 8G R/B","AG00005.3","Electrical",0,0,0,2,,,,,,,,,"$7.18",,,,"Jaycar","'-",,
"VLPE-062","Cable power Rnd Ofc 4G BLACK (hyd heavy duty)","AG00005.3","Electrical",0,0,0,1,,,,,,,,,"$7.18 perM",,,,"Jaycar","'-",,
"VLPE-061","Cable power Rnd Ofc 4G RED (hyd heavy duty)","AG00005.3","Electrical",0,0,0,1,,,,,,,,,"$8.78 perM",,,,"Jaycar","'-",,
"VLPF-066","CAM ACTION INDEXING PLUNGER","AG00004.1","Vaclift",0,0,0,1,"V00327","OCEANIA INDUSTRIAL COMPONENTS","GN 612-12-M20x1.5-AK-NI",10,1,1,,,,,,,,,,
"VLPA-003","Check valve- Vaccon (on compressor)","AG00005.2","Air System",8,4,0,20,"V00025","MARINEX CONTROLS","I-VCV-75-14",0,66,1056,,,"$66",,,,"Brian 0408959196","'-",,
"CIRCLIP D1300-28","CIRCLIP D1300-28","AG00007","Fastener",0,0,0,10,"V00128","BUILD IT FASTENERS",,3,2,20,,,,,,,,,,
"CIRCLIP DIN 471-20","CIRCLIP DIN 471-20","AG00007","Fastener",0,0,0,10,"V00128","BUILD IT FASTENERS",,3,2,20,,,,,,,,,,
"VLPE-133","Compressor 12V 8A 70L/min twin head","AG00005.3","Electrical",0,0,0,1,"V00020","Ningbo Yinzhou Maisi Mechanical & Electrical Co., Ltd","GZ 35B-12 A/F70L/min",0,245,245,,,"$245.00",,,,"Ningbo Yinzhou Maisi","'-",,
"VLPE-038","Connector DC female bulkhead 2.1mm","AG00005.3","Electrical",12,12,0,20,"V00042","ALTRONICS",,,2.92,23.36,,,"$2.80",,,,"www.altronics.com.au","'-",,
"VLPE-037","Connector DC female Line 2.1mm","AG00005.3","Electrical",12,12,0,20,"V00294","Electus Distribution","PS0526",,2.86,22.88,,,"$2.86",,,,"www.techbrands.com","'-",,
"VLPE-014","control board PCB electric actuator","AG00005.3","Electrical",0,0,0,4,,,,,,,,,"$76.66","BWENG",,,"Linak","'-",,
"VLPE-028","Curly cord for pendant (for rectangle plug)","AG00005.3","Electrical",0,0,0,30,"V00013","www.faryuan.com","8core x 4M",0,0,0,,,0,,,,"'-","'-",,
"VLPE-028-SP","Curly cord for pendant short with rectangle plug","AG00005.3","Electrical",0,0,0,2,,,,,,,,,0,,,,"'-","'-",,
"VLPA-058","Curly Hose Blue","AG00005.2","Air System",0,0,0,20,"V00029","smt-pneumatic.com","'-",0,2,40,,,"$2",,,,"'-","'-",,
"VLPA-068","Curly hose for CVL with Nitto fittings","AG00005.2","Air System",0,0,0,1,"V00030","BUNNINGS","PWFH004",0,0,0,,,0,,,,"'-","'-",,
"VLPA-059","Curly Hose Yellow","AG00005.2","Air System",0,0,0,20,"V00029","smt-pneumatic.com","'-",0,2,40,,,"$2",,,,"'-","'-",,
"VLPE-065","Diode 6A1 100V 6A (hydraulic)","AG00005.3","Electrical",0,0,0,5,,,,,,,,,"71c",,,,"Jaycar","'-",,
"LMS_015","DROP BOLT SPRING","AG00004.1","Vaclift",0,0,0,20,"V00108","SPECIFIC SPRINGS",,30,5,100,,,,,,,,,,
"VLPA-035","Filter/drain bowl assy silver (small no tap)","AG00005.2","Air System",0,0,0,20,,,,,,,,,0,,,,"'-","'-",,
"A0000203","Fine Brass mesh","AG00009","Material Raw",0,0,0,1,"V00245","MIDWAY METALS",,5,1,1,,,1.00,,,,,,,
"VLPA-097","FLOW CONTROL VALVE 90 DEGREE 8MM TO 1/4BSP","AG00005.2","Air System",0,0,0,10,"V00060","NINGBO KEPLER AUTOMATION CO., LTD (NINGBO SHIMAOTONG INTERNATIONAL",,30,4.5,45,,,,,,,,,,
"VLPE-166","FUSE 5X20MM 800MA GLASS FUSE","AG00005.3","Electrical",0,0,0,5,"V00042","ALTRONICS","S5719",14,1.5,7.5,,,,,,,,,,
"VLPE-059","Fuse Holder blade 30A W/proof W/LED","AG00005.3","Electrical",0,0,0,1,,,,,,,,,"$3.17",,,,"Jaycar","'-",,
"VLPE-055","Fuse holder glass M205 panel mount safe","AG00005.3","Electrical",10,8,0,10,"V00042","ALTRONICS",,30,1.69,3.38,,,"$1.69","Altronics",,,"'-","'-",,
"VLPE-019","Fuse Holder with screw cap glass fuse type","AG00005.3","Electrical",10,10,0,20,"V00294","Electus Distribution","SZ2030",10,2.25,22.5,,,,"Altronics",,"S5991","Electus",,"SZ2030",
"VLPA-105","Gauge Bottom Entry","AG00005.2","Air System",0,0,0,20,"V00057","NINGBO SMART PNEUMATIC CO LTD",,30,2.775,55.5,,,,,,,"'-","'-",,
"VLPA-104","Gauge rear entry 60mm 1/4 BSP","AG00005.2","Air System",0,0,0,20,"V00057","NINGBO SMART PNEUMATIC CO LTD",,30,2.775,55.5,,,"$2.40",,,,"Ningbo Smart Pneumatic","'-",,
"VLPE-039","Gland cable M12x7.9 / 3-6.5OD","AG00005.3","Electrical",0,0,0,20,,,,,,,,,"$3.90",,,,"www.altronics.com.au","'-",,
"VLPF-034","Handlebar Grip","AG00004.1","Vaclift",2,-2,0,10,"V00295","TEEMU",,20,3.5,42,,,,,,,,,,
"VLPE-095","Header 2.54 4 way beige PCB straight","AG00005.3","Electrical",26,22,0,50,"V00294","Electus Distribution","HM3414",30,0.21,5.88,,,".78c",,,,"www.altronics.com.au","'-",,
"VLPE-126","Header 2.54 6way 90deg front cover dual","AG00005.3","Electrical",0,0,0,5,,,,,,,,,"$1.50",,,,"www.techbrands.com","'-",,
"VLPE-079","Header plug Dinkle 5.08 PCB Vrt Male 3way","AG00005.3","Electrical",0,0,0,20,,,,,,,,,".85c",,,,"www.altronics.com.au","'-",,
"VLPE-120","Header white 3.96 2 way (elec actuator)","AG00005.3","Electrical",0,0,0,5,,,,,,,,,".52c",,,,"'-","'-",,
"A00120","Hi-Vac Vulcanized Rubber Plate","AG00004.1","Vaclift",0,0,20,50,"CU0001","ALLIED RUBBER",,15,130,3900,,,,,,,,,,
"VLPE-094","Housing 2.54 4 way beige line","AG00005.3","Electrical",26,22,20,50,"V00294","Electus Distribution","HM3404",30,0.43,3.44,,,".70c",,,,"www.altronics.com.au","'-",,
"VLPE-131","Housing 2.54 6way front  cover dual","AG00005.3","Electrical",0,0,0,5,,,,,,,,,"$1.01",,,,"'-","'-",,
"VLPE-121","Housing white 3.96 2 way (elec actuator)","AG00005.3","Electrical",0,0,0,5,,,,,,,,,".72c",,,,"'-","'-",,
"VLPH-002","Hydraulic cylinder 52512 (2.5"" x 12"" stroke)","AG00005.1","Hydraulic",0,0,0,2,"V00035","Qingdao Wantong Hyd Pwr",,0,202,404,,,"$202",,,,"'-","'-",,
"VLPH-007","Hydraulic hose and 90deg fitting 800mm","AG00005.1","Hydraulic",4,4,0,5,"V00035","Qingdao Wantong Hyd Pwr",,0,29.8,29.8,,,"$29.80",,,,"'-","'-",,
"VLPH-001","Hydraulic power pack (3000psi, 0.5ml/rev)","AG00005.1","Hydraulic",0,0,0,2,"V00035","Qingdao Wantong Hyd Pwr",,0,449,898,,,"$449",,,,"'-","'-",,
"VLPF-039","LABEL FILTER BOWL EMPTY/CLEAN 85X48MM RED/SILVER","AG00008","LABELS",0,0,0,10,"V00319","EXPRESS SIGNS AND DESIGNS",,10,5,50,,,,,,,,,,
"VLPE-067","LED 10mm Yellow (dual circuit)","AG00005.3","Electrical",0,0,0,5,,,,,,,,,"$0.84",,,,"Jaycar","'-",,
"VLPE-113","LED 3mm Blue diffused","AG00005.3","Electrical",0,0,0,10,"V00014","'-","'-",0,1.45,14.5,,,"$1.45",,,,"Ledsales.com.au","'-",,
"VLPE-051","LED light round large green","AG00005.3","Electrical",0,0,0,4,"V00013","www.faryuan.com","LTD5162 GREEN",0,0,0,,,0,,,,"'-","'-",,
"VLPE-050","LED light round large red","AG00005.3","Electrical",0,0,0,4,"V00013","www.faryuan.com","LTD5162 RED",0,0,0,,,0,,,,"'-","'-",,
"VLPE-058","Linak power cable (actuator-control board)","AG00005.3","Electrical",0,0,0,1,,,,,,,,,"$15.00",,,,"Linak","'-",,
"VLPE-016","Low vac switch N/O 1/4BSP 1330","AG00005.3","Electrical",8,-1,0,20,"V00012","www.lefoo.com","LF20V-321610-15""Inches",0,8.1,170.1,,,"$8.10","Lefoo",,"LF20V-321610-15""","Lefoo","'-",,
"A0001153","LYNCH PIN Ø8","AG00007","Fastener",0,0,0,20,"V00128","BUILD IT FASTENERS",,5,4,80,,,,,,,,,,
"M10 HH BOLT 30MM L GRADE 4.6 ZP","M10 HH BOLT 30MM L GRADE 4.6 ZP","AG00004.1","Vaclift",0,0,0,50,"V00128","BUILD IT FASTENERS",,1,2.2,110,,,,,,,,,,
"M10 Spring Washer ZP","M10 Spring Washer ZP","AG00007","Fastener",0,0,0,100,"V00128","BUILD IT FASTENERS",,5,0.06,6,,,,,,,,,,
"M12 HH Bolt 150mm L GR 8.8 ZP","M12 HH Bolt 150mm L GR 8.8 ZP","AG00009.27","Material Raw Misc",0,0,0,1,,,,,,,,,,,,,,,,
"M12 SHCC 25MM L ZP","M12 SHCC 25MM L ZP","AG00007","Fastener",98,98,0,100,"V00128","BUILD IT FASTENERS","M12 SHCC 25MM L ZP M12 SHCC 25MM L ZP",5,2.5,5,,,,,,,,,,
"M12 SHCS 25mm L Grade 8.8ZP","M12 SHCS 25mm L Grade 8.8ZP","AG00007","Fastener",78,68,0,100,"V00128","BUILD IT FASTENERS",,5,2.25,72,,,,,,,,,,
"M16 HH BOLT 30MM L GRADE 4.6 ZP","M16 HH BOLT 30MM L GRADE 4.6 ZP","AG00004.1","Vaclift",23,21,0,50,"V00128","BUILD IT FASTENERS",,1,2.2,63.8,,,,,,,,,,
"M16 HH BOLT 45MM L GRADE 4.6 ZP","M16 HH BOLT 45MM L GRADE 4.6 ZP","AG00004.1","Vaclift",0,0,0,50,"V00128","BUILD IT FASTENERS",,1,2.2,110,,,,,,,,,,
"M16 HH BOLT 55MM L GRADE 4.6 ZP","M16 HH BOLT 55MM L GRADE 4.6 ZP","AG00004.1","Vaclift",0,0,0,50,"V00128","BUILD IT FASTENERS",,1,2.2,110,,,,,,,,,,
"M16 HH BOLT 70MM L GRADE 4.6 ZP","M16 HH BOLT 70MM L GRADE 4.6 ZP","AG00004.1","Vaclift",0,0,0,50,"V00128","BUILD IT FASTENERS",,1,2.2,110,,,,,,,,,,
"M20 HH BOLT 70MM L GRADE 4.6 ZP","M20 HH BOLT 70MM L GRADE 4.6 ZP","AG00004.1","Vaclift",0,0,0,50,"V00128","BUILD IT FASTENERS",,1,2.2,110,,,,,,,,,,
"M20 PLAIN NUT ZP","M20 PLAIN NUT ZP","AG00007","Fastener",20,20,0,50,"V00128","BUILD IT FASTENERS",,0,2.2,66,,,,,,,,,,
"M24 PLAIN NUT ZP","M24 PLAIN NUT ZP","AG00007","Fastener",2,2,0,50,"V00128","BUILD IT FASTENERS",,,0.875,42,,,0.875,,,,,,,
"M3 FLAT WASHER ZP","M3 FLAT WASHER ZP","AG00004.1","Vaclift",0,0,0,30,"V00128","BUILD IT FASTENERS",,5,0.1,3,,,,,,,,,,
"M5 FLAT WASHER ZP","M5 FLAT WASHER ZP","AG00007","Fastener",0,0,0,50,"V00128","BUILD IT FASTENERS",,5,0.2,10,,,,,,,,,,
"M5 NUTSERT ZP","M5 NUTSERT ZP","AG00007","Fastener",0,0,0,50,"V00128","BUILD IT FASTENERS",,2,0.01,0.5,,,,,,,,,,
"M6  Cuphead Bolt x 20mm L ZP","M6  Cuphead Bolt x 20mm L ZP","AG00007","Fastener",222,94,1,100,"V00128","BUILD IT FASTENERS",,5,0.059,0.295,,,,,,,,,,
"M6 FURNITURE NUT HEX SOCKET ZP","M6 FURNITURE NUT HEX SOCKET ZP","AG00007","Fastener",0,0,0,50,"V00128","BUILD IT FASTENERS",,5,0.01,0.5,,,,,,,,,,
"M6 HH Bolt 100 mm L GRADE 4.6 ZP","M6 HH Bolt 100 mm L GRADE 4.6 ZP","AG00007","Fastener",0,0,0,5,"V00128","BUILD IT FASTENERS",,3,3,15,,,,,,,,,,
"M6 HH bolt 10mm L GRADE 4.6 ZP","M6 HH bolt 10mm L GRADE 4.6 ZP","AG00004.1","Vaclift",0,0,0,50,"V00128","BUILD IT FASTENERS",,5,0.5,25,,,,,,,,,,
"M6 LOWHCS 20 mm L GRADE 8.8 ZP","M6 LOWHCS 20 mm L GRADE 8.8 ZP","AG00007","Fastener",0,0,0,5,"V00128","BUILD IT FASTENERS",,3,3,15,,,,,,,,,,
"M6 Plane Nut ZP","M6 Plane Nut ZP","AG00007","Fastener",52,20,0,100,"V00128","BUILD IT FASTENERS",,5,0.2,16,,,0.50,,,,,,,
"M6 PLAIN NUT ZP","M6 Plane Nut ZP","AG00007","Fastener",0,0,0,50,"V00128","BUILD IT FASTENERS",,5,0.2,10,,,0.5,,,,,,,
"M6 Spring Washer ZP","M6 Spring Washer ZP","AG00007","Fastener",0,0,0,100,"V00128","BUILD IT FASTENERS",,5,0.06,6,,,,,,,,,,
"M8 CS SET SCREW 35MM L ZP","M8 CS SET SCREW 35MM L ZP","AG00007","Fastener",0,0,0,50,"V00128","BUILD IT FASTENERS",,2,1,50,,,,,,,,,,
"M8 HH Bolt 50mm L GRADE 4.6 ZP","M8 HH Bolt 50mm L GRADE 4.6 ZP","AG00004.1","Vaclift",0,0,0,50,"V00128","BUILD IT FASTENERS",,1,1.25,62.5,,,,,,,,,,
"M8 PLAIN NUT ZP","M8 PLAIN NUT ZP","AG00007","Fastener",0,0,0,50,"V00128","BUILD IT FASTENERS",,5,0.5,25,,,,,,,,,,
"VLPA-081","Nitto Type Male Air Hose Fitting 1 quarter BSP","AG00005.2","Air System",15,15,0,25,"V00293","HOSE SUPPLIERS AUSTRALIA",,,4.3,43,,,3.00,,,,,,,
"VLPE-186","NPN lace pin blue H2405","AG00004.1","Vaclift",0.001,0.001,0,10,"V00042","ALTRONICS","H2405",15,42500,424957.5,,,,,,,,,,
"VLPE-187","NPN W2270 red wire 18AWG heavy duty (REEL)","AG00004.1","Vaclift",0.01,0.01,0,1,"V00042","ALTRONICS","W2270",10,1,0.99,,,,,,,,,,
"VLPE-053","Nut set locking (for VLPE-009 connector)","AG00005.3","Electrical",0,0,0,20,,,,,,,,,"$2.61 pk10",,,,"Jaycar","'-",,
"VLPA-063","O ring 8x 2.5  N70","AG00005.2","Air System",46,46,0,100,,,,,,,,,0,,,,"'-","'-",,
"VLPH-008","O ring for hydraulic fitting","AG00005.1","Hydraulic",0,0,0,10,,,,,,,,,".45c",,,,"'-","'-",,
"VLPE-130","On/off Push switch Red/Green 4pin plug no relay","AG00005.3","Electrical",0,0,0,3,"V00024","BWE","'-",0,0,0,,,0,,,,"'-","'-",,
"VLPE-040","P clip 3mm","AG00005.3","Electrical",0,0,0,20,,,,,,,,,"4c",,,,"Jaycar","'-",,
"VLPE-041","P clip 5mm","AG00005.3","Electrical",0,0,0,20,,,,,,,,,"4c",,,,"www.altronics.com.au","'-",,
"VLPE-042","P clip 6mm","AG00005.3","Electrical",0,0,0,20,"V00018","Cabac","PCBK-6      H4212A",0,5.601,112.02,,,"$5.60 (100)",,,,"www.altronics.com.au","'-",,
"VLPE-035","Panel mount bezel 10mm LED","AG00005.3","Electrical",0,0,0,20,"V00016","Ledsales.com.au","HP-1110 (pack 5)",0,1.44,28.8,,,"$1.44 each",,,,"www.techbrands.com","'-","HP1110",
"VLPE-032","Panel mount for 5mm LED","AG00005.3","Electrical",0,0,0,20,"V00016","Ledsales.com.au","HP-1102",0,1.03,20.6,,,"$1.03",,,,"www.techbrands.com","'-",,
"A00004","Part D",,,47,-3,0,10,,,,,,,,,,,,,,,,
"VLPE-013","Pendand non tilt 1/2 length cord","AG00005.3","Electrical",0,0,0,2,"V00010","BWE 2ndhand $250","'-",0,0,0,,,0,,,,"'-","'-",,
"VLPE-073","Pendant enclosure (bare) 6 port","AG00005.3","Electrical",0,0,0,10,"V00015","Auspicious Elec Eng","HS-83",0,15.3,153,,,"$15.30",,,,"'-","'-",,
"VLPE-029","Pendant enclosure (bare)4 port","AG00005.3","Electrical",0,0,0,30,"V00015","Auspicious Elec Eng","HS-82",0,13,390,,,"$13.00","Auspicious",,"HS-82","'-","'-",,
"VLPE-116","Pendant enclosure (bare)8 port","AG00005.3","Electrical",0,0,0,10,"V00015","Auspicious Elec Eng","HS-84",0,16,160,,,"$16",,,,"'-","'-",,
"VLPE-011","Pendant non tilt std length cord","AG00005.3","Electrical",0,0,0,2,"V00010","BWE 2ndhand $250","'-",0,0,0,,,"$0",,,,"'-","'-",,
"VLPE-012","Pendant W/tilt 1/2 length cord","AG00005.3","Electrical",0,0,0,2,"V00010","BWE 2ndhand $250","'-",0,0,0,,,"$0","BWENG",,,"'-","'-",,
"VLPE-010","Pendant W/tilt std length cord","AG00005.3","Electrical",0,0,0,2,"V00010","BWE 2ndhand $250","'-",0,0,0,,,"$0","BWENG",,,"'-","'-",,
"VLPA-100","PLASTIC Tee 6mm Female-Female-Female","AG00005.2","Air System",0,0,0,20,,,,,,,,,0,,,,"'-","'-",,
"VLPA-101","PLASTIC Tee 8mm Female-Female-Female","AG00005.2","Air System",0,0,0,20,,,,,,,,,0,,,,"'-","'-",,
"VLPA-033","plate and seal kit contour pad 110x490mm","AG00005.2","Air System",0,0,0,5,"V00024","BWE","'-",0,0,0,,,0,,,,"'-","'-",,
"VLPA-031","plate and seal kit contour pad 150x200mm","AG00005.2","Air System",0,0,0,10,"V00024","BWE","'-",0,0,0,,,0,,,,"'-","'-",,
"VLPA-032","plate and seal kit contour pad 450x100mm","AG00005.2","Air System",0,0,0,5,"V00024","BWE","'-",0,120,600,,,"$120",,,,"'-","'-",,
"VLPE-075","Push button mom vent pendant switch","AG00005.3","Electrical",0,0,0,10,"V00015","Auspicious Elec Eng",34306,0,8.6,86,,,"$8.60",,,,"'-","'-",,
"VLPE-074","Push button up/down pendant switch","AG00005.3","Electrical",0,0,0,10,"V00015","Auspicious Elec Eng","N80c20",0,25.8,258,,,"$25.80",,,,"'-","'-",,
"VLPE-054","PWM controller 30A motor speed","AG00005.3","Electrical",0,0,0,1,"V00019","www.kitstop.com.au","MXA066",0,48.51,48.51,,,"$48.51",,,,"'-","'-",,
"VLPE-178","RADIO RECEIVER - LCC MODEL Q200","AG00005.3","Electrical",0,0,0,1,"V00323","NANJING XIADING ELECTRONIC TECHNOLO","Q200",30,48.75,48.75,"2 SINGLE SPEED BUTTONS RECEIVER ONLY",,,,,,,,,
"VLPA-048","Reducer fitting 1/2BSP male to 1/4BSP f/male","AG00005.2","Air System",0,0,0,10,"V00293","HOSE SUPPLIERS AUSTRALIA",,5,2.5,25,,,0,,,,"'-","'-",,
"VLPA-096","Reducer fitting 1/2BSP male to 1/4BSP f/male","AG00005.2","Air System",0,0,0,10,"V00293","HOSE SUPPLIERS AUSTRALIA",,5,2.5,25,,,0,,,,"'-","'-",,
"VLPA-095","Reducer fitting 3/8BSP male to 1/4BSP f/male","AG00005.2","Air System",0,0,0,10,"V00293","HOSE SUPPLIERS AUSTRALIA",,5,2.5,25,,,0,,,,"'-","'-",,
"VLPE-082","resistor 5K6 ohm for battery indicator","AG00005.3","Electrical",3,1,0,5,"V00294","Electus Distribution","RR0590",10,0.58,2.32,,,".46c",,,,"'-","'-",,
"PBPE-008","RJ45 SOKET TO SCREW TERMINAL","AG00004.2","PipeBOSS",0,0,0,5,"V00042","ALTRONICS","P0597",10,11.5,57.5,,,,,,,,,,
"A0000618","RJ45 SOKET TO SCREW TERMINAL","AG00004.2","PipeBOSS",0,0,0,5,"V00042","ALTRONICS","P0597",10,11.5,57.5,,,,,,,,,,
"VLPE-072","Rotary switch Pendant pump on/off","AG00005.3","Electrical",0,0,0,10,"V00015","Auspicious Elec Eng",34317,0,12.5,125,,,"$12.50",,,,"'-","'-",,
"VLPA-091","silencer filter 1/4BSP Brass","AG00005.2","Air System",0,0,0,20,,,,,,,,,,,,,,,,
"VLPA-089","Silencer filter 1/8BSP Brass","AG00005.2","Air System",0,0,0,20,,,,,,,,,,,,,,,,
"VLPH-015","SLEW DRIVE 9"" HYDRAULIC","AG00005.1","Hydraulic",0,0,0,1,"V00111","CORESUN DRIVE EQUIPMENT CHANGZHOU CO.,LTD","WH9-59-RH-160A-REV.A",30,687.6,687.6,,,,,,,,,,
"VLPE-136","Spacer Nylon Tapped M3x9mm","AG00005.3","Electrical",0,0,0,6,,,,,,,,,"$8.13",,,,"'-","'-",,
"VLPF-057","STICKER VACUUM GAUGE FACE","AG00004.1","Vaclift",0,0,0,2,"V00319","EXPRESS SIGNS AND DESIGNS",,15,2,4,"LABELS ARE MADE ON A SHEET WITH APPROX 8 PER SHEET",,,,,,,,,
"VLPA-188","SURFACE GARD 32MM BLACK ROUND PLASTIC INTERNAL CHAIR TIP","AG00004.1","Vaclift",0,0,0,10,"V00030","BUNNINGS",4050097,1,0.75,7.5,,,,,,,,,,
"VLPE-052","Switch system off/on 22mm rotary N/O","AG00005.3","Electrical",0,0,0,20,"V00013","www.faryuan.com","XB5-AD21",0,260,5200,,,"$2 moq x60",,,,"'-","'-",,
"P2512","Term block 2way 5.08 line (compressor)","AG00005.3","Electrical",10,10,0,20,"V00042","ALTRONICS",,,0.48,4.8,,,"$1.36",,,,"www.techbrands.com","'-",,
"VLPE-109","Term block 4 way 5mm pitch for actuator board","AG00005.3","Electrical",0,0,0,5,"V00042","ALTRONICS","P2026A",10,0.6,3,,,".58c",,,,"'-","'-",,
"P2520","Term block line plugable 10 way 5.08","AG00005.3","Electrical",8,4,0,10,"V00042","ALTRONICS",,,2.43,14.58,,,"$2.43",,,,"'-","'-",,
"VLPE-135","Term Block PCB 36 way (cut down) 5mm pitch","AG00005.3","Electrical",0,0,0,2,,,,,,,,,"$7.24",,,,"'-","'-",,
"VLPE-099","Term line skt 3way screw Dinkle (on/off switch)","AG00005.3","Electrical",0,0,0,15,,,,,,,,,"$1.73",,,,"www.altronics.com.au","'-",,
"VLPE-027","Terminal strip (12 way) 5A","AG00005.3","Electrical",0,0,0,10,,,,,,,,,"77c","Altronics",,,"Electus","'-","HM3194",
"VLPA-006","Tilt control W/lever air valve","AG00005.2","Air System",0,0,0,10,"V00033","KYPC","K4H230C-08 or  4HA230C-08",0,7.47,74.7,,,"$7.47",,,,"www.keplerautomation.com","'-",,
"VLPH-006KIT","VACLIFT HYD HOSE KIT 450MM L HOSE","AG00004.1","Vaclift",0,0,0,2,"V00171","TAIPAN PTY LTD","VLPH-006KIT",15,56.5,113,,,,,,,,,,
"VLPH-007KIT","VACLIFT HYD HOSE KIT 800MM L HOSE","AG00004.1","Vaclift",0,0,0,2,"V00171","TAIPAN PTY LTD","VLPH-007KIT",15,65.5,131,,,,,,,,,,
"VLPA-082","Vent Brass 1/4 BSPP","AG00005.2","Air System",18,18,0,25,"V00060","NINGBO KEPLER AUTOMATION CO., LTD (NINGBO SHIMAOTONG INTERNATIONAL",,30,2.2,15.4,,,,,,,,,,
"VLPA-084","Vent Brass 1/8 BSPP","AG00005.2","Air System",16,12,0,25,"V00060","NINGBO KEPLER AUTOMATION CO., LTD (NINGBO SHIMAOTONG INTERNATIONAL",,30,2.2,28.6,,,,,,,,,,
"VLPA-075","VENT VALVE LARGE TO SUIT CVL","AG00005.2","Air System",0,0,0,1,"V00060","NINGBO KEPLER AUTOMATION CO., LTD (NINGBO SHIMAOTONG INTERNATIONAL","MSV98322-EB",30,1.5,1.5,,,,,,,,,,
"VLPF-038","WARNING LABEL PADS IN USE-VALVES OPEN 193X18MM RED/SILVER","AG00008","LABELS",0,0,0,10,"V00319","EXPRESS SIGNS AND DESIGNS",,10,5,50,,,,,,,,,,
