"Number","Name","Phone","Teams","E-mail","URL","Address","On time","Average delay","Currency","Default lead time","Total cost","NOTES","ACCOUNT","Payment period","Payment period type"
"V00014","'-",,,,,,100,0,"$",,5,,,,
"V00086","7 Eleven",,,,,,0,0,"$",,0,,,,
"V00205","7 ELEVEN FUEL",,,,,,0,0,"$",,0,,,,
"V00299","AAA Test",123,,,,"1234 ade, ggf, 22222, ff gg gggg, Åland Islands",0,0,"$",,0,,,,
"V00113","ABL DISTRIBUTION","075618 5100",,"sales@abldistribution.com.au",,"11 Harrington St, ARUNDEL QLD 4214, Australia",30,23.5,"$",,1901.3,,,,
"V00188","ABS AUSTRALIAN BOATING SUPPLIES","075502 8484",,"info@austboating.com.au",,"C17 GCCM, 76-84 WATERWAY DRIVE, COOMERA QUEENSLAND 4209, Australia",0,0,"$",,0,,,,
"V00338","ABSOLUTE LASER CUTTING",55632555,,"tony@absolutelaser.com.au",,,0,0,"$",,0,,"N",,
"V00114","ACTION ALUMINIUM","075597 1444",,"paul.c@actionaluminium.com.au",,"ACTION ALUMINIUM, 42 JADE DRIVE, MOLENDINAR QLD 4214, Australia",47,6.09375,"AUD",,5699.91,,"N",30,10
"V00212","AGNEWHIRE GOLD COAST",,,"jo@coastside.com.au",,,0,0,"$",,0,,,,
"Q4232760","AI GROUP","029466 5566",,,,"51 Walker St, NORTH SYDNEY NSW 2060, Australia",0,0,"$",,0,,,,
"V00077","AIR BAG MAN",,,,,,0,0,"$",,0,,,,
"V00101","AIRBEST (CHANGXING) TECHNOLOGY CO., LTD",8657761787553,,"grace.wu@airbest.com",,"809 CHANGXING AVE, CHANGXING ECONOMIC DEVELOPMENT ZONE, HUZHOU ZHEJIANG, China",89,4.2222222222222,"USD",,5203.9,"15-12-2025 I had no response from 3 emails for the email address clara@air-best.com","N",,
"V00270","ALIPAY (AUSTRALIA) PTY LTD",,,,,,0,0,"$",,0,,,,
"V00121","ALL ABOUT LIFTING","075523 1542",,"admin@allaboutlifting.com.au",,"Unit 12 15 Industrial Ave, MOLENDINAR QLD 4214, Australia",0,0,"$",,0,,,,
"V00167","ALL PLATES",,,"andrewh@allplates.com.au",,,0,0,"$",,0,,,,
"V00181","ALLIED BEARINGS & SEALS",,,"alliedbearings@optusnet.com.au",,,0,15,"$",,40.91,,,,
"CU0001","ALLIED RUBBER","073356 7533",,"info@alliedrubber.com.au",,"ALLIED RUBBER, 37 TIMMS ROAD, EVERTON HILLS QLD 4053, Australia, 07 3356 7533",17,10.666666666667,"$",,22187.53,,,,
"V00229","ALLSET AIRCONDITIONING & ELECTRICAL",,,,,,0,0,"$",,0,,,,
"V00280","ALPHA HOTEL - EASTERN CREEK",,,,,,0,0,"$",,0,,,,
094988,"ALSCO","073710 6000",,"orders.salisbury@alsco.com.au",,"PO BOX 132, HAMILTON QLD 4007",0,0,"$",,0,,,,
"V00178","ALSET AIR CONDITIONING & ELECTRICAL PTY LTD",,,"alsetaircon@gmail.com",,"11 SALERNO STREET, ISLE OF CAPRI QLD 4217",0,0,"$",,0,,,,
"V00042","ALTRONICS",,,"qld@altronics.com.au",,"ALTRONIC DISTRIBUTORS, 2/1870 SANDGATE ROAD, VIRGINA, BRISBANE QLD 4014, Australia",80,1.8245614035088,"AUD",,1425.990002,,,,
"V00268","AMAZON",,,,,,0,0,"$",,0,,,,
"V00208","APEX BUILDING PRODUCTS",,,,,,0,0,"$",,0,,,,
"V00272","APPLE SHELVING",,,,,,0,0,"$",,0,,,,
"V00324","ASD AUSTRALIAN STAINLESS DISTRIBUTORS PTY LTD","07 3266 6211",,"stevecollins@asdsales.com.au",,,33,4.6666666666667,"$",,3385,,"N",,
"V00174","ASHDOWN INGRAM",,,,,,0,0,"$",,0,,,,
"V00168","ASHMORE POWER TOOLS",,,,,,0,0,"$",,0,,,,
"V00039","ASIC",,,,,,0,0,"$",,0,,,,
"V00130","ATLAS STAINLESS BALUSTRADE & FABRICATIONS","075593 4744",,"sales@atlasstainless.com.au",,"PO BOX 1195, BROADBEACH QLD 4218",0,0,"$",,0,,,,
"V00015","Auspicious Elec Eng",,,,,,0,0,"$",,0,,,,
"V00098","AUSPICIOUS ELECTRICAL ENGINEERING CO., LTD.",886289920978,,,,"11F. NO 23 SY YUAN ROAD, HSIN-CHUANG TAIPIE COUNTY 242, Taiwan",0,0,"$",,0,,,,
"V00142","AUSTECH SAW & TOOLING",0755636241,,"accounts@austechsaw.com.au",,"PO BOX 2390, NERANG QLD 4211, Australia",0,12.333333333333,"$",,74.03,,,,
"0001631SYC","AUSTRAL WRIGHT METALS",029827090,,,,"133-139 Cowpasture Rd, WETHERILL PARK NSW 2164, Australia",0,0,"$",,0,,,,
"V00055","AUSTRALIA POST",,,,,,0,0,"$",,0,,,,
"V00118","AUSTYRE N WHEELS ASHMORE","075597 0033",,,,"447 Nerang Rd, MOLENDINAR QLD 4214, Australia",0,0,"$",,0,,,,
"V00078","AXIS DOMAINS",,,,,,0,0,"$",,0,,,,
"V00307","BARNES MOULDING AND CASTING SUPPLIES","02 9793 7555",,"info@barnes.com.au",,"BARNES MOULDING AND CASTING SUPPLIES, 5 GREENHILLS AVE, MOOREBANK NSW 2170, Australia",0,15.571428571429,"AUD",,1276.82,,,1,0
"V00311","BATTERY CENTRAL","07 5528 6227",,,,"BATTERY CENTRAL, 4/45 MARGARET STREET, SOUTHPORT QLD 4215, Australia",100,0,"AUD",,122.73,,,,
"V00008","Battery World",,,,,,0,0,"$",,0,,,,
"BLUE000020","BBC DIGITAL","075538 8711",,"ar.goldcoast@bbcdigital.com.au",,"PO BOX 7239, SOUTHPORT PARK QLD 4215",0,0,"$",,0,,,,
"V00143","BELL FAB",0409515820,,"ron@bellfab.com.au",,"36 JADE DRIVE, MOLENDINAR QLD 4214, Australia",67,2,"AUD",,1305,,"Y",,
"V00249","BELOVED ORANGE",0755393500,,"accounts@belovedorange.com",,"Unit 1 1 Geary Cres, MOLENDINAR QLD 4214, Australia",0,6,"$",,792.9,,,,
"V00312","BENDWORX","07 3271 1377",,"sales@bendworx.com.au",,,0,31,"AUD",,360,,,,
"V00265","BEST WESTERN HOTELS",,,,,,0,0,"$",,0,,,,
"V00061","BFS PLASTICS PTY LTD","073276 7933",,"sales2@bfsplastics.com.au",,"56a Pentex St, SALISBURY QLD 4107, Australia",0,6,"$",,745.65,,"N",,
"V00001","Big Case Molding","070 3455 8888",,"info@bigcasemolding.com",,"PO Box 456, Charlotte, Texas 78012, USA",0,0,"$",,0,,,,
"V00213","BLACK HAWK METALS PTY LTD",,,,,,0,0,"$",,0,,,,
"V00274","BLACKWOODS","073275 7222",,"goldcoast@blackwoods.com.au",,"131-137 Mica St, CAROLE PARK QLD 4300, Australia",0,8,"$",,208.8,,,,
"V00329","BLUE WATER ENGINEERING",,,,,,0,0,"$",,0,,"N",,
9340011,"BLUESCOPE DISTRIBUTION","073853 9107",,"jodie.mccoombes@bluescopesteel.com",,"20 Fairbairn Pl, EAGLE FARM QLD 4009, Australia",50,3.6111111111111,"$",,13732.97,,,,
"V1210369","BOC GASES","1300 302 519",,"labradorgas&gear@boc.com",,"3 Telford Pl, ARUNDEL QLD 4214, Australia",0,29.411764705882,"$",,598.63,,,,
"V00330","BOMAC ENGINEERING","3 9796 5300",,,,"Unit 1, 153, Wedgewood Road, Hallam VICTORIA 3803, Australia",0,0,"$",,0,,"N",,
"V00207","BONDE AGENCY",,,,,,0,0,"$",,0,,,,
"V00271","BOSH BINS",,,,,,0,0,"$",,0,,,,
"V00247","BOYNE SMELTERS LIMITED","1300738569 A/P",,"invoices.smelters.au@riotinto.com",,"HANDLEY DRIVE, BOYNE ISLAND BOYNE ISLAND 4680, Australia",0,0,"$",,0,,,,
"V00281","BP ASHMORE",,,,,,0,0,"$",,0,,,,
"V00309","BRADD BUCKLEY",,,,,,0,0,"$",,0,,,,
"V00224","BRASS & COPPER PTY LTD","029624 2355",,"shane@brassandcopper.com.au",,"Unit 9 14-16 Stanton Rd, SEVEN HILLS NSW 2147, Australia",0,0,"$",,0,,,,
"V00277","BUDGET CAR RENTAL",,,,,,0,0,"$",,0,,,,
"V00128","BUILD IT FASTENERS","0499 707 006",,"sales@builditfasteners.com.au",,"Unit 4 37 Expansion St, MOLENDINAR QLD 4214, Australia",51,11.936,"$",,4452.9558,,,,
"V00209","Building Extension",,,,,,0,0,"$",,0,,,,
"V00183","BUNDALL POWDER COATING","075539 6177",,"admin@bundallpc.com.au",,"22 Expansion St, MOLENDINAR QLD 4214, Australia",7,7.5094339622642,"$",,14109.37,,"Y",,
"V00065","BUNNATH KITCHEN",,,,,,0,0,"$",,0,,,,
"V00030","BUNNINGS",,,,,,100,0,"$",,113.07,,,,
"V00239","BURSONS AUTOMOTIVE PTY LTD",,,,,,0,0,"$",,0,,,,
"V00024","BWE",,,,,,0,0,"$",,0,,,,
"V00010","BWE 2ndhand $250",,,,,,0,0,"$",,0,,,,
"V00336","BWEG",,,,,,0,0,"$",,0,,"Y",,
"V00018","Cabac",,,,,,0,0,"$",,0,,,,
"V00220","CASCADE (AUSTRALIA) PTY LTD",,,,,,0,0,"$",,0,,,,
"V00144","cash",,,,,,0,0,"$",,0,,,,
"V00123","CASPHONE",,,,,"SHOP 18, NERANG MALL,, CNR GILSTON ROAD AND NEW STREET, NERANG QLD 4211, Australia",0,0,"$",,0,,,,
"V00079","Chamber of Commerce",,,,,,0,0,"$",,0,,,,
"V00099","CHEMIST",,,,,,0,0,"$",,0,,,,
"V00091","CIRCUIT MASTER PTY LTD",,,"david@circuitmaster.com.au",,"Unit 12 326-342 Marine Pde, LABRADOR QLD 4215, Australia",0,0,"$",,0,,,,
"V00275","CITY OF GOLD COAST RATES",,,,,,0,0,"$",,0,,,,
"V00226","CITY OF GOLD COAST/WATER AND WASTE","5581 7030",,"dmanson@goldcoast.qld.gov.au",,"PO BOX 5042, GOLD COAST MC QLD 9726, Australia",0,0,"$",,0,,,,
"V00315","CLARK RUBBER",,,,,,0,0,"AUD",,0,,,,
"V00137","CLEAR ACCOUNTING SOLUTIONS","075679 5815",,"info@clearaccounting.net.au",,"PO BOX 4454, ASHMORE PLAZA QLD 4214, Australia",0,0,"$",,0,,,,
"V00110","COASTWIDE SERVICE CENTRE",,,"coastwiderwc@gmail.com",,"Unit 1 20 Jade Dr, MOLENDINAR QLD 4214, Australia",0,0,"$",,0,,,,
"V00041","COIL STEELS",,,,,,0,0,"$",,0,,,,
"V00278","COMPLETE PRINT AND DESIGN",6155963767,,"hello@completeprint.design",,,0,0,"$",,0,,,,
"V00111","CORESUN DRIVE EQUIPMENT CHANGZHOU CO.,LTD",8651988900526,,,,"SHUNNAN, TIANNING DISTRICT,, CHANGZHOU CITY JIANGSU 213000, China",0,0,"USD",,0,,"N",,
"V00089","COURIERS PLEASE","1300 361 000",,,,,0,0,"$",,0,,,,
"V00106","CRIDLAND CUTTING SYSTEMS","03 9720 8346",,"john@cridlandcutting.com.au",,"F1/6 ELSUM AVENUE, BAYSWATERNORTH VIC 3153, Australia",0,0,"$",,0,,,,
"V00145","CUSTOM TRUCK BODIES AND TRAILERS",610755976113,,"info@customtt.com.au",,"MOLENDINAR QLD 4214, Australia",21,7.9090909090909,"$",,3829.5,,,,
"V00119","CUT2SHREDS","075574 5333",,"accounts@cut2shreds.com.au",,"9 Reichert Dr, MOLENDINAR QLD 4214, Australia",0,0,"$",,0,,,,
"V00313","Dalsteel Metals","07 3216 2575",,"justinp@dalsteel.com.au",,,33,2.1818181818182,"AUD",1,5906,,,,
"V00254","DAVIES AUTOMOTIVE",,,,,,0,0,"$",,0,,,,
"V00140","DAYLEYS AUTO MARINE",,,,,,0,0,"$",,0,,,,
"V00068","DEPARTMENT OF TRANSPORT",,,,,,0,0,"$",,0,,,,
"V00040","DHL EXPRESS",,,,,,0,0,"$",,0,,,,
"V00262","DICKIES AUSTRALIA",,,,,,0,0,"$",,0,,,,
"V00234","DIESEL DIRT & TURF EXHIBITION",,,,,,0,0,"$",,0,,,,
"V00021","digikey",,,,,,0,0,"$",,0,,,,
"V00237","DNA ANODISING",,,,,,0,0,"$",,0,,,,
"V00109","DON KIBBLE",,,,,,0,0,"$",,0,,,,
"V00194","DOTMAR ENGINEERING",,,,,,0,0,"$",,0,,,,
"V00190","DOTMAR ENGINEERING PLASTIC PRODUCTS",0737270900,,"ap@dotmar.com.au",,"67 Dulacca St, ACACIA RIDGE QLD 4110, Australia",0,0,"$",,0,,,,
"V00227","EASY CNC",,,,,,0,0,"$",,0,,,,
"V00071","EBAY",,,,,,0,0,"$",,0,,,,
"V00132","EDINGTON AGENCIES PTY LTD",,,,,,0,0,"$",,0,,,,
"V00294","Electus Distribution",,,"sales@electusdistribution.com.au",,,90,0.85714285714286,"$",,1508.77,,,,
"V00022","Element 14",,,,,,0,0,"$",,0,,,,
"V00297","ENGINEERING TOOLING SUPPLIES PTY LTD","07 3806 4517",,"sales@ets.net.au","http://www.ets.net.au","UNIT 2 / 1-5 ALLAN STREET, LOGANHOLME QLD 4129, Australia",0,31,"AUD",,176.76,,,30,10
"V00166","ENGINEERING TRANSMISSION AGENCIES PTY LTD",,,,,,0,0,"$",,0,,,,
"V00325","ETS","0409 127 699",,"sales@ets.net.au",,,100,0,"$",,176.76,,"N",,
"V00319","EXPRESS SIGNS AND DESIGNS",,,,,,0,0,"AUD",,0,,"N",,
"V00264","FILTER SYSTEMS AUSTRALIA",,,,,,0,0,"$",,0,,,,
"V00090","FIRE 2000 FIRE SERVICES",,,"admin@fire2000.com.au",,"6/698 ASHMORE ROAD, MOLENDINAR QLD 4215, Australia",0,0,"$",,0,,,,
07457484,"FIRST DATA","1800 243 444",,,,"168 Walker St, NORTH SYDNEY NSW 2060, Australia",0,0,"$",,0,,,,
59474,"FLEET CARD",,,,,,0,0,"$",,0,,,,
"V00256","FLEETCOR TECHNOLOGIES, INC",,,,,"3280 PEACHTREE ROAD, SUITE 2400, ATLANTA, GA 30305",0,0,"$",,0,,,,
"V00051","FORWARD INDUSTRIAL",,,,,,0,0,"$",,0,,,,
"V00321","FOSHAN HONG CHANG JUFA ELECTROMECHANICAL VALVE  CO LTD","+86 757 81266759",,"jill@hongchangjufa.com",,"FOSHAN HONG CHANG JUFA ELECTROMECHANICAL VALVE CO LTD, 20/F TOWER ONE TIMES SQUUARE, 1 MATHERSON STREET, CAUSEWAY BAY HONG KONG, China",0,0,"USD",,0,,"N",,
"V00141","FREEDOM FUEL",,,,,,0,0,"$",,0,,,,
"V00117","FREEDOM TYRES QUEENSLAND","073277 1126",,"kelvin@freedomtyres.com.au",,"28 Ashover Rd, ROCKLEA QLD 4106, Australia",0,0,"$",,0,,,,
"RWF:AJ:190520","FRIGO ADAMSON LEGAL FROUP PTY LTD",0756619719,,"info@falg.com.au",,"PO BOX 632, MUDGEERABA QLD 4213",0,0,"$",,0,,,,
"V00026","FRL combination",,,,,,0,0,"$",,0,,,,
"V00326","GC SIGNS AND PLASTIC FABRICATION",,,,,,0,21,"$",,1,,"N",,
"V00112","GLOBAL JOB SOLUTIONS",,,,,,0,0,"$",,0,,,,
"V00189","GOLD COAST CAR KEYS",,,,,,0,0,"$",,0,,,,
"V00122","GOLD COAST ELECTROPLATING","075594 6824",,"purchasing@gcelectroplating.com.au",,"GOLD COAST ELECTROPLATING, 671 Pine Ridge Rd, BIGGERA WATERS QLD 4216, Australia",11,6.7543859649123,"$",,1317.99,,,2,0
"V00066","GOLD COAST WELDING",,,,,,0,0,"$",,0,,,,
"V00259","GOLD COAST WELDING SUPPLIES",55646616,,,,"3/14 DISTRIBUTION AVE, MOLENDINAR QLD 4214, Australia",100,0,"AUD",,77.6,,,,
"V00283","GOODYEAR AUTOCARE ASHMOREHMORE",,,,,,0,0,"$",,0,,,,
"V00084","GOSS & CO ACCOUTING & TAX AGENT",0732781455,,"david@gossco.com",,"PO BOX 178, SHERWOOD QLD 4075, Australia",0,0,"$",,0,,,,
"V00097","GUANGZHOU OSUNSHINE ENVIRONMENTAL TECHNOLOGY CO LTD",862038246009,,"sales05@gznetech.com",,"ROOM 2009, NO 18 CHEBEI DAGANG ROAD, TIANHE DISTRICT GUANGZHOU, China",0,0,"$",,0,,,,
"V00120","GWS (GEORGE WESTON AND SONS)","073423 5300",,"sales@georgeweston.com.au",,"57 Kimberley St, DARRA QLD 4076, Australia",11,6,"$",,6250.96,,,,
"V00074","HANDCRAFT STUDIO",,,,,,0,0,"$",,0,,,,
"BLU062","HARE & FORBES MACHINERY HOUSE","073715 2200",,,,"626 Boundary Rd, ARCHERFIELD QLD 4108, Australia",0,0,"$",,0,,,,
"V00080","Havard Business Services Inc",,,,,,0,0,"$",,0,,,,
"V00146","HEADLAND",0392443500,,"accounts@headland.com.au",,"95 Highbury Rd, BURWOOD VIC 3125, Australia",0,0,"$",,0,,,,
"V00092","HEFEI KIWI HEAVY MACHINERY",,,,,,0,0,"$",,0,,,,
"V00147","HIGH GRADE METALS LTD/CNC DIRECT","00116496222 169",,"david@highgrademetals.co.nz",,"144 CAPTAIN SPRINGS ROAD, ONEHUNGA 1061, New Zealand",0,0,"$",,0,,,,
"V00225","HIGH GRADE WATERCUT LIMITED",,,,,,0,0,"$",,0,,,,
"V00184","HILLIER ENGINEERING",,,,,,0,0,"$",,0,,,,
"V00266","HOBART CITY COUNCIL",,,,,,0,0,"$",,0,,,,
"V00293","HOSE SUPPLIERS AUSTRALIA","07 5597 1327",,"sales@hoseuppliers.com.au",,"UNIT 2, 23 EXPANSION ST, MOLENDINAR QLD 4214, Australia",44,20.434782608696,"AUD",,924.25,,,30,10
"V00202","HYDRAULICS NETWORK","07 3277 5969",,"andrew.schultz@hydraulicsnetwork.com.au",,"19 SILVIO STREET, RICHLANDS QLD 4077, Australia",29,0.41666666666667,"AUD",,996.75,,,,
"V00093","HYDRAULINK HOSE AND FITTINGS",,,,,,0,47,"$",,163.41,,,,
"V00045","IDEAL ELECTRICAL SUPPLIES",,,,,,0,0,"$",,0,,,,
"V00182","IML - IAN MACALLAN LAWYER","07 55454303",,"ian@ianmacallan.com.au",,"Rumbala 40 Southport Ave, TAMBORINE MOUNTAIN QLD 4272, Australia",0,0,"$",,0,,,,
"V00198","INDUSTRIAL MINERALS","1800 309 734",,"sales@industrial-minerals.co.nz",,"PO BOX 302 660, NORTH HARBOUR AUCKLAND 0751, New Zealand",13,5.8888888888889,"$",,14875,,,,
"V00125","INFRABUILD STEEL CENTRE",,,"cleave.thompson@infrabuild.com",,,0,14.727272727273,"$",,23401.23,,,,
"V00058","INSULECT","1300 446 565",,"sales@insulect.com",,"PO BOX 3038, DARRA QLD 4076, Australia",0,0,"$",,0,,,,
"V00081","Interlloy Pty Ltd",,,,,,0,0,"$",,0,,,,
"V00231","INTERNATIONAL ROPE BRAID",,,,,"Factory 5 14 Technology Dr, ARUNDEL QLD 4214, Australia",0,0,"$",,0,,,,
"V00253","IP FLOURISH",,,,,,0,0,"$",,0,,,,
"V00286","ISCAR AUSTRALIA PTY LTD",,,,,,0,0,"$",,0,,,,
"V00273","JAI CUMMINS",,,,,,0,0,"$",,0,,,,
"V00059","JAMES CARMICHAEL",,,,,,0,0,"$",,0,,,,
"V00070","JAYCAR",,,,,,0,0,"$",,0,,,,
"V00103","JEHBCO MANUFACTURING PTY LTD","029905 9611",,"sales@jehbco.com.au",,"23 WILLIAM STREET, BROOKVALE NSW 2100, Australia",0,0,"$",,0,,,,
"V00221","JJ'S WASTE & RECYCLING","075539 4226",,"admin.nerang@jjwaste.com.au",,"PO BOX 235, CLEVELAND QLD 4163, Australia",0,0,"$",,0,,,,
"4BLU01","JOHN HART PTY LTD","039542 6262",,,,"7 - 11 Winterton Rd, CLAYTON VIC 3168, Australia",0,0,"$",,0,,,,
"V00131","KA SUPPLIES",,,,,,0,0,"$",,0,,,,
"V00263","KATHMANDU",,,,,,0,0,"$",,0,,,,
"V00164","KB SUPPLIES",,,,,,0,0,"$",,0,,,,
"V00064","KCD STUDWELDING","039584 1588",,"info@kcdstudwelding.com.au",,"96b Herald St, CHELTENHAM VIC 3192, Australia",100,0,"$",,4,,,,
"V00252","KEN HOARE BUSINESS SOLUTIONS",,,,,,0,0,"$",,0,,,,
"V00096","KTSENSING TECHNOLOGY LIMITED","'+867698270 8371 X803",,,,"1205 BAIDA INTERNATIONAL BUILDING, BAIDA ROAD, HUMEN DONGGUAN 523916, China",0,0,"$",,0,,,,
"V00185","KUHMICHEL ABRASIVES",,,"keira.scholtens@kuhmichel.com",,"PO BOX 184, BUDDINA QLD 4575, Australia",0,0,"$",,0,,,,
"V00033","KYPC",,,,,,0,0,"USD",,0,,"N",,
"V00148","LASER 3D (QLD)","0732872 880",,"robert@laser3d.com.au",,"9 Lions Park Dr, YATALA QLD 4207, Australia",0,0,"$",,0,,,,
"V00337","LASER CENTRAL","3375 6022",,"sales@lasercentral.com.au",,,0,0,"$",,0,,"N",,
"V00296","LECTUS DISTRIBUTION",,,,"https://www.electusdistribution.com.au/",,0,0,"$",,0,,,,
"V00104","LED SALES",,,,,,0,0,"$",,0,,,,
"V00016","Ledsales.com.au",,,,,,0,16,"$",,76.8,,,,
"V00002","Light Emitting Co","070 6776 8989",,"info@lightemitting.com",,"Baker Street 20, Worcester, UK",0,0,"$",,0,,,,
"V00216","LINAK AUSTRALIA PTY LTD","038796 9777",,,,"84 Bazalgette Cres, DANDENONG SOUTH VIC 3175, Australia",0,0,"$",,0,,,,
"V00054","LINKT",,,,,,0,0,"$",,0,,,,
"V00046","LLOYDS AUCTIONEERS AND VALUERS",,,,,,0,0,"$",,0,,,,
"V00210","LOW CO ENTERPRISES",,,,,,0,0,"$",,0,,,,
"V00169","LPE",,,,,,0,0,"$",,0,,,,
"V00203","LPR TOOLMAKERS","035784 1351",,,,"8 First St, BROADFORD VIC 3658, Australia",0,0,"$",,0,,,,
"V00320","LUNYEE IDUSTRIES DEVELOPEMENT CO. LIMTED","+86 19337118652",,"sales019@lunyee.com","https://www.lunyee.com/","Cathy Gao, 2ND FLOOR, 88 RUIDA ROAD, ZHONGYUAN DISTRICT, ZHENGZHOU CITY HENAN PROVINCE 450000, China",0,0,"USD",30,0,,"N",,
36667828,"M2 COMMANDER PTY LTD",,,,,,0,0,"$",,0,,,,
"V00292","MACHINE TOOL SERVICE & REPAIR PTY LTD",,,,,"MACHINE TOOL SERVICE & REPAIR PTY LTD, 1/10 NEWING WAY, CALOUNDRA WEST QLD 4551, Australia",0,0,"AUD",,0,,,,
"V00025","MARINEX CONTROLS","039555 9611",,"sales@marinex.com.au",,"Unit 56 140-148 Chesterville Rd, CHELTENHAM VIC 3192, Australia",0,0,"$",,0,,,,
"V00043","MELBOURNE ROPE AND SPLICING","0410 248 458",,"bryan@ropemelbourne.com.au",,,0,0,"$",,0,,,,
"V00095","MERCURY 5 SKY",,,,,,0,0,"$",,0,,,,
"V00245","MIDWAY METALS","0733829 500",,"stephenm@midwaymetals.com.au",,"56 Business St, YATALA QLD 4207, Australia",24,8.1081081081081,"$",,23257.27,,"Y",,
"V00149","MOTORSPORT BRAKES",,,"sales@motorsportbrakes.com.au",,"18 Binary St, YATALA QLD 4207, Australia",0,0,"$",,0,,,,
"V00288","MRP EASY",,,,,"MRP EASY, PAMU RD, 139E/2, TALLINN, Estonia",0,0,"$",,0,,,,
"V00176","MTM ELECTRICAL PTY LTD","075596 1907",,"info@mtmelectrical.com.au",,"Shop 2 15 Hilldon Ct, NERANG QLD 4211, Australia",0,0,"$",,0,,,,
"V00177","MTM ELECTRICAL PTY LTD11",,,,,,0,0,"$",,0,,,,
"V00323","NANJING XIADING ELECTRONIC TECHNOLO","'+86-13914487426",,"mqm@chinalcc2.com",,"NANJING XIADING ELECTRONIC TECHNOLO, 800 JINGSHENG, DINGSHAN STREET, JIANGNING DISTRICT, NANJING CITY 4-305 JIANGSU, China",0,0,"USD",30,0,,"N",,
"V00219","NAPA",,,,,,0,0,"$",,0,,,,
"V00290","NERANG CABINETS","5578 1388",,"matthew@nerangcabinets.com.au",,"NERANG CABINETS, 24 BRENDAN DRIVE, NERANG QLD 4211, Australia",0,33,"AUD",,750,,,30,10
"V00102","NETREGISTRY",,,,,,0,0,"$",,0,,,,
"V00267","NEW HORIZONS 2000 PTY LTD",,,,,,0,0,"$",,0,,,,
"V00060","NINGBO KEPLER AUTOMATION CO., LTD (NINGBO SHIMAOTONG INTERNATIONAL",+8613777083340,,"josh@keplerautomation.com",,"Josh, FLOOR 12, GUTING BUILDING, HEFENG CREATIVE SQUARENO 495 JIANGDONG NORTH ROAD, NINGBO CHINA, China",82,16.363636363636,"USD",,3308.23,,"N",,
"V00057","NINGBO SMART PNEUMATIC CO LTD",,,"smt@smt-pneumatic.com",,"12F JINGANG BUILDING, 51 YANGSHAN ROAD, NINGBO, China",0,0,"USD",,0,,"N",,
"V00020","Ningbo Yinzhou Maisi Mechanical & Electrical Co., Ltd","86 574 88125011",,"kelly@maisigroup.com",,"KELLY, NINGBO YINZHOU MAISI MECHANICAL & ELECTRICAL CO., LTD, 77 CHUNHUI RD,, ZHONGHE ST,, YINZHOU DIST NINGBO, China, 86-574-88125011",50,9.1428571428571,"USD",,3495.32,,"N",,
"V00187","NITRO LIFT",,,,,,0,0,"$",,0,,,,
"V00201","No Contact",,,"accounts@eplas.com.au",,,0,0,"$",,0,,,,
"V00150","NOEL K SHEETMETAL","0755972 550",,"admin@noelksheetmetal.com.au",,"UNIT 11 6-8 ENTERPRISE STREET, MOLENDINAR QLD 4214",25,12.5,"$",,42,,,,
"V00214","NPA (NEON PRODUCTS AUSTRALIA) PTY LTD","1300 972 554",,"leanne@npalighting.com",,"PO BOX 4142, ASHMORE PLAZA QLD 4214",0,24,"$",,2212,,,,
"V00052","O'REILLY WORK PLACE LAW",,,,,,0,0,"$",,0,,,,
"V00327","OCEANIA INDUSTRIAL COMPONENTS","07 3187 7334",,,,"OCEANIA INDUSTRIAL COMPONENTS, unit 2, 720 Macarthur Avenue Central,, PINKENBA, BRISBANE QUEENSLAND 4008, Australia",0,0,"AUD",,0,,"N",,
52088196,"OFFICEWORKS",,,,,,0,0,"$",,0,,,,
"V00127","OMAX CORPORATION","800838 0343",,"shawna.oskam@omax.com",,"21409 - 72ND AVE S, KENT WASHINGTON 98032, USA",0,0,"$",,0,,,,
7124,"ON THE NET","075553 9222",,"accounts@onthenet.com.au",,"PO BOX 102, VARSITY LAKES QLD 4227",0,0,"$",,0,,,,
"400 000 663 882","ORIGIN ENERGY","1800 444 345",,,,"ENERGY BUSINESS CENTRE, GPO BOX 186, MELBOURNE VIC 3001",0,0,"$",,0,,,,
"V00049","OT NINGBO RUITUO MOTORPARTS FACTORY",,,,,,0,0,"$",,0,,,,
"V00196","PACIFIC COATINGS","075500 4471",,"sales@paccoat.com.au",,"Unit 3 3 Indy Ct, CARRARA QLD 4211, Australia",20,3,"$",,468.55,,,,
"V00179","PACIFIC PROJECT CONSULTANTS",,,"kylie@theppc.com.au",,,0,0,"$",,0,,,,
"V00287","PDMINDUSTRY LIMITED",+8653255677518,,"jessiecong@pdmindustry.com",,"Jessie Cong, PDMINDUSTRY LIMITED, #43-101 BAOYUAN ROAD, NO. 780, CHENGYANG DIST QINGDAO 266114, China, +8653256677518",0,0,"$",,0,,,,
"V00316","PERTH LIFTING EQUIPMENT",0893312535,,,,"Unit 1 4 Jaggs Way, KARDINYA Western Australia 6163, Australia",0,0,"$",,0,,,,
"V00244","PIES AUSTRALIA PTY LTD","039303 2000",,"sales@piesau.com.au",,"49 Freight Dr, SOMERTON VIC 3062, Australia",0,0,"$",,0,,,,
"V00151","PIRIE ENTERPRISES PTY LTD","0755922 790",,"admin@pirie.net.au",,"22 INDUSTIRAL AVE, SOUTHPORT QLD 4215",0,0,"$",,0,,,,
"V00308","PJ BOWERS PTY LTD","07 55938277",,"sales@pjbowers.com.au",,"PJ BOWERS, 13 CENTRAL DRIVE, BURLEIGH HEADS QLD 4220, Australia",0,11,"AUD",,142.77,,,1,0
"V00199","PLASTRAL PTY LTD","073623 2455",,"sheetqld@plastral.com.au",,"UNIT 6/112 CULLEN AVE WEST, EAGLE FARM QLD 4009, Australia",50,4.5,"$",,861.21,,"N",,
"V00152","POLYMEDIC","0755393 633",,"accounts@polymedic.com.au",,"397-401 Nerang Rd, ASHMORE QLD 4214, Australia",0,0,"$",,0,,,,
"V00193","PR CLEANING RAGS","07 388 941 58",,"prcrags@optusnet.com.au",,,0,0,"$",,0,,"Y",,
"V00276","PREMIER WINDSCREENS",,,,,,0,0,"$",,0,,,,
"V00076","PRIMARY METALS & ALLOYS PTY LTD",0737190000,,"accounts@primarymetals.com.au",,"126 Mica St, CAROLE PARK QLD 4300, Australia",0,25,"$",,1839.1,,,,
"V00044","PSC INSURANCE",,,,,,0,0,"$",,0,,,,
"V00314","PSI FLUID POWER",0397205577,,"sales@psifluidpower.com.au",,,100,0,"AUD",,3631.6,,,,
"V00241","QANTAS",,,,,,0,0,"$",,0,,,,
"V00035","Qingdao Wantong Hyd Pwr",,,,,,0,0,"$",,0,,,,
"V00218","QUEENSLAND STEEL & SHEET","073260 1000",,"accountsrec@qss.net.au",,"58 Tingira St, PINKENBA QLD 4008, Australia",0,0,"$",,0,,,,
"V00088","RED BEARD PLUMBING",,,,,,0,0,"$",,0,,,,
"V00195","RED DEVIL RADIATORS & AIR CONDITIONING",,,,,,0,0,"$",,0,,,,
"V00284","REPCO",,,,,,0,0,"$",,0,,,,
"V00062","REXEL",,,,,,0,0,"$",,0,,,,
"V00047","REXEL ELECTRICAL SUPPLIES",,,,,,0,0,"$",,0,,,,
"V00056","REXROTH BOSCH GROUP",,,,,,0,0,"$",,0,,,,
"V00136","RITE PRICE DISTRIBUTORS",,,"sales@ritepriceindustrial.com.au",,,13,12.2,"$",,644.07,,,,
"V00004","ROWMARK","1300 023 370",,"sales@rowmark.com.au",,"10/167 PROSPECT HIGHWAY, SEVEN HILLS NSW 2147, Australia",0,12,"$",,404,,,,
"V00180","RRSAFETY2018",,,,,,0,0,"$",,0,,,,
"V00200","RSEA SAFETY",,,,,,0,0,"$",,0,,,,
"V00282","RW PROMOTION",,,,,,0,0,"$",,0,,,,
"V00243","SAURASHTRA NI RASDHARA PVT LTD",,,,,,0,0,"$",,0,,,,
"V00129","SCAVATE EARTHWORKS",,,"scavate@gmail.com",,"78 The Panorama, TALLAI QLD 4213, Australia",0,0,"$",,0,,,,
"V00238","SCHENKER AUSTRALIA PTY LTD",,,"sharyn.tamlyn@dbschenker.com",,"72-80 Bourke Rd, ALEXANDRIA NSW 2015, Australia",0,0,"$",,0,,,,
"V00230","SCREEN PRINCE",,,,,,0,0,"$",,0,,,,
"V00135","SEI CARBIDE",,,"sales@seiaustralia.com.au",,,0,42.631578947368,"$",,1730.75,,"N",,
"151193+","SELECTION STEEL","07 3713 0034",,"r.mccarthy@selection.com.au",,,19,5.9032258064516,"AUD",,20579.49,,"N",,
"V00073","SEVEN ELEVEN",,,,,,0,0,"$",,0,,,,
"V00175","SEWELL POWER TRANSFER PTY LTD",,,"sewellpowertrans@gmail.com",,"Office 4 24 Technology Dr, ARUNDEL QLD 4214, Australia",0,0,"$",,0,,,,
"V00007","Shaanxi Xieli photo Electric",,,,,,0,0,"$",,0,,,,
"V00134","SHAANXI XIELI PHOTO ELECTRIC INSTRUMENT",8613379547761,,,,"2 XINKE ROAD, EASTERN DEVELOPMENT DISTRICT XIAN 710043, China",0,0,"$",,0,,,,
"V00124","SHE TREES PTY LTD",,,,,"11 Mark Way, MUDGEERABA QLD 4213, Australia",0,0,"$",,0,,,,
"V00215","SHELVING & SHOP DISPLAYS",,,,,,0,0,"$",,0,,,,
"V00023","shenzhen artek elec co ltd",,,,,,0,0,"$",,0,,,,
"V00138","SHENZHEN EVERPOWER ELECTRONICS CO LTD",8675527819677,,"ep_emma@ivcharger.com.cn",,"D/3F,E BUIDING,YICHENG INDUSTRIAL PARK, TIEGANG VILLAGE, XIXIANG STREET, BAO'AN DISTRICT SHENZHEN CITY, China",0,0,"$",,0,,,,
"V00335","SHENZHEN TENCHY SILICONE RUBBER CO. LDT","86-755 29181281",,,,,0,12,"USD",,1501.5,,"N",,
"V00173","SILVIO DE VITO",,,,,,0,0,"$",,0,,,,
"V00255","SITEGROUND",,,,,,0,0,"$",,0,,,,
"V00029","smt-pneumatic.com",,,,,,0,0,"$",,0,,,,
"V00115","SOLALUNA88",,,,,,0,0,"$",,0,,,,
"V00082","South Coast Steel Pty Ltd",,,,,,0,0,"$",,0,,,,
"V00233","SOUTHERN QUEENSLAND STEEL PTY LTD","073271 9111",,,,"97 Coulson St, WACOL QLD 4076, Australia",0,0,"$",,0,,,,
71188,"SOUTHERN SHEET & COIL PTY LTD","029792 2099",,"salesqld@southernsheetandcoil.com.au",,"2 STEEL STREET, BANKSTOWN NSW 2200",0,0,"$",,0,,,,
"V00279","SOUTHERN STAINLESS","0755490 560",,"accounts@southernstainless.com.au",,"SOUTHERN STAINLESS, 39 Notar Dr, ORMEAU QLD 4208, Australia",20,9.6938775510204,"$",,3339,,"Y",30,10
"V00204","SOUTHWARD PTY LTD",,,,,,0,0,"$",,0,,,,
"V00100","SPAR SUPERMARKET",,,,,,0,0,"$",,0,,,,
"V00206","SPECIALISED ANODISING SERVICE",,,"kellie@allpropertystock.com.au",,"54 Gerara Ct, CLAGIRABA QLD 4211, Australia",11,13.916666666667,"$",,662,,,,
"V00108","SPECIFIC SPRINGS","075529 7204",,"admin@specificsprings.com.au",,"Unit 3 14 Millaroo Dr, HELENSVALE QLD 4212, Australia",0,0,"$",,0,,,,
"V00116","SPRUSON & FERGUSON",,,,,,0,0,"$",,0,,,,
"V00048","STATEWIDE BEARINGS",,,,,,0,0,"$",,0,,,,
"V00050","STEFFI BURNS",,,,,,0,0,"$",,0,,,,
"V00153","STONECORP QLD PTY LTD",0732799009,,"accounts@stonecorpqld.com.au",,"34 TELFORD CIRCUIT, YATALA QLD 4211, Australia",0,0,"$",,0,,,,
"V00291","STONKAM","8620 66670988",,"rachel_xia@stonkam.com",,"STONKAM, 5/F #3 BUILDING, HUANGZHOU INDUSTRIAL PARK,, CHEBEI RD, TIANHE DIS,, 510665 GUANGZHOU, 510665, China",100,0,"$",20,3429.06,,,3,0
"V00133","STRUTS R US",,,,,,0,0,"$",,0,,,,
"V00154","STS MARINE INDUSTRIAL PRODUCTS","0755646 908",,"accounts@stsmarine.com.au",,"Unit 2 9 Enterprise St, MOLENDINAR QLD 4214, Australia",0,0,"$",,0,,,,
"V00328","SUPAGAS","0427 811 420",,"ordersqld@supagas.com.au",,,0,19.9,"$",,411,"FORKLIFT GAS = $1.50 PER MONTH RENT / ARGON = $8 / SUPASHIELD","N",,
"V00172","SUPER CHEAP AUTO",,,,,,0,0,"$",,0,,,,
5068,"SUPER START BATTERIES","029755 7851",,,,"Unit 30 76 Hume Hwy, LANSVALE NSW 2166, Australia",0,0,"$",,0,,,,
"V00126","SUPERCHEAP",,,,,,0,0,"$",,0,,,,
"V00250","SUPERCHEAP AUTO",,,,,,0,0,"$",,0,,,,
"V00217","SWIFT SUPPLIES ONLINE PTY LTD",,,"service@swiftsupplies.com.au",,"99 Harburg Dr, BEENLEIGH QLD 4207, Australia",0,0,"$",,0,,,,
"V00197","SYDNEY TOOLS",,,,,,0,0,"$",,0,,,,
"V00155","TABLETOP INNOVATIONS",,,,,,0,0,"$",,0,,,,
"V00236","TAEGUTEC AUSTRALIA",,,,,,0,0,"$",,0,,,,
"V00171","TAIPAN PTY LTD","07 5428 1211",,"sales@taipan.com.au",,"ATTN: DAKOTA, TAIPAN HYRAULIC HOSE SYSTEMS, 11-13 LEAR JET DRIVE, CABOOLTURE QLD 4214, Australia, 0430585996",0,17,"$",,796.95,,,,
"V00069","TECHS ON SITE",,,,,,0,0,"$",,0,,,,
"V00310","TECHSYS ENGINEERING","07 5568 0339",,"cameron@techsys.net.au",,,100,0,"$",,0,,,,
"V00295","TEEMU",,,,,,0,0,"$",,0,,,,
"V00156","TELLAM CIVIL PRODUCTS",0755976966,,"ap@tellam.com.au",,"6 RON PARKENSON CRESCENT, BELL CREEK QLD 4551",0,0,"$",,0,,,,
"V00083","tels",,,,,,0,0,"$",,0,,,,
"235 2064 600","TELSTRA","13 20 00",,,,"GPO BOX 9901, MELBOURNE VIC 3001",0,0,"$",,0,,,,
"V00246","TEMPE TYRE & WHEEL CENTRE",,,,,,0,0,"$",,0,,,,
"V00260","TEMU",,,,,,0,0,"$",,0,,,,
"V00157","TERRA SAFE PRODUCTS",15096693739,,"patrickcrandall@yahoo.com",,"1316 SPRINGWATER AVE, WENATCHEE WA 98801, USA",0,0,"$",,0,,,,
"V00242","THE GILD GROUP",,,,,,0,0,"$",,0,,,,
"V00269","THYSSENKRUPP MATERIALS AUSTRALIA PTY LTD","029757 7777",,"mark.greenfield@thyssendrupp-materials.com.au",,"UNIT 2, 7-10 DENOCI CLOSE, WETHERILL PARK NSW 2164, Australia",0,8,"$",,2232,,,,
"V00228","TMR OFFENCE",,,,,,0,0,"$",,0,,,,
"V00158","TMR VEHICLE REGISTRATION",,,,,,0,0,"$",,0,,,,
1055537,"TOLL TRANSPORT","1800 188 655",,"gssreceivable@tollgroup.com",,"LEVEL 7 ST KILDA ROAD, MELBOURNE VIC 3004",0,0,"$",,0,,,,
"V00139","TOSHIBA AUSTRALIA",,,,,,0,0,"$",,0,,,,
"V00063","TOTAL TOOLS","075665 2100",,,,"19 Gateway Dr, BIGGERA WATERS QLD 4216, Australia",0,0,"$",,0,,,,
"V00165","TOTALLY WORKWEAR",,,,,,0,0,"$",,0,,,,
"V00072","TRAVEL ASSOCIATES",,,,,,0,0,"$",,0,,,,
"V00105","TSM - THE STEEL MARKET PTY. LTD","1300 200 876",,"gareth@thesteelmarket.com.au",,"61 Griffin Cresent, Brendale, Brisbane Qld 4500, Australia",48,3.7678571428571,"$",,35995.65,,"Y",,
"V00159","TUBE BEND",0755973911,,"info@tubebendonline.com",,,0,0,"$",,0,,,,
"V00192","TVH AUSTRALIA PTY LTD",,,,,,0,0,"$",,0,,,,
"V00223","TYNIC AUTOMATION PTY LTD","073879 3888",,"sales@tynic.com.au",,"UNIT 1-82 WESTCOMBE STREET, DARRA QLD 4076, Australia",0,3,"$",,380.9,,"N",,
"V00160","ULLRICH ALUMINIUM PTY LTD",0755202799,,"accountspayable@ullrich.com.au",,"24 Township Dr, BURLEIGH HEADS QLD 4220, Australia",0,0,"$",,0,,,,
"V00031","Ultipower",13823195025,,"info@wbrbattery.com","https://www.universal-power.com.cn/",,0,0,"USD",30,0,,"N",,
"V00038","UPS",,,,,,0,0,"$",,0,,,,
"V00301","V00009 V00294",,,,,,0,0,"$",,0,,,,
"V00303","V00017 V00294",,,,,,0,0,"$",,0,,,,
"V00305","V00020 V00268",,,,,,0,0,"$",,0,,,,
"V00306","V00035 V00171",,,,,,0,0,"$",,0,,,,
"V00304","V00060 V00006",,,,,,0,0,"$",,0,,,,
"V00300","V00294 V00009",,,,,,0,0,"$",,0,,,,
"V00302","V00294 V00017",,,,,,0,0,"$",,0,,,,
"V00240","VACLIFT SYSTEMS PTY LTD",,,"admin@bweng.com.au",,,0,0,"$",,0,,,,
"V00257","VADAME V",,,,,,0,0,"$",,0,,,,
"V00085","VANGUARD","073909 7600",,,,"UNITS 5B & 5C 23 BREENE PLACE, MORNINGSIDE QLD 4170, Australia",0,0,"$",,0,,,,
"V00191","VECTOR LIFTING","089417 9128",,,,"43 Spencer St, COCKBURN CENTRAL WA 6164, Australia",0,0,"$",,0,,,,
"V00211","VEOLIA","073275 0111",,"jessica.clark@veolia.com",,"42 SUSCATAND STREET, ROCKLEA QLD 4106, Australia",0,0,"$",,0,,,,
"V00232","VIRGIN AUSTRALIA",,,,,,0,0,"$",,0,,,,
874689944,"VODAFONE",,,,,"GPO BOX 2699, SYDNEY NSW 1158",0,0,"$",,0,,,,
"V00251","VULCAN COIL DIVISION","07 3826 3000",,"brett.simon@vulcan.co",,"Brett Simon, Vulcan Coil Division, 139 Magnesium Drive, Crestmead QLD 4132, Australia",64,0.46153846153846,"$",2,9594.76,,,,
"V00087","VULCAN ENGINEERING STEELS",,,"engineering.brisbane@vulcan.co",,"PO BOX 7056, DANDENONG VICTORIA 3175",0,8.2857142857143,"$",,536.8,,,,
"V00161","VULCAN PLATE PROCESSING",0734414400,,"sunny.lo@vulcan.co",,"PO BOX 7056, DANDENONG VIC 3175",29,7.4444444444444,"$",,3249.98,,,,
"V00162","VULCAN STAINLESS",07336470560,,"stainlessplate.brisbane@vulcan.co",,"PO BOX 7056, DANDENONG MELBOURNE 3175",0,14,"$",,459.1,,,,
"V00067","WARWICK ALLERTON HOTEL",,,,,,0,0,"$",,0,,,,
"V00285","WEBCENTRAL",,,,,,0,0,"$",,0,,,,
"V00032","Wenzhou Airbest Pneumatics",,,,,,0,0,"$",,0,,,,
"V00053","WOOLWORTHS",,,,,,0,0,"$",,0,,,,
"V00013","www.faryuan.com",,,"alexyfy@gmail.com",,,0,16,"USD",,476,,,,
"V00005","www.ficrelay.com.hk",,,,,,0,0,"$",,0,,,,
"V00006","www.kaiyuanpneumatic.com",,,,,,0,0,"USD",,0,,"N",,
"V00019","www.kitstop.com.au",,,,,,0,0,"$",,0,,,,
"V00012","www.lefoo.com",,,,,,0,0,"$",,0,,,,
"V00186","YHI POWER PTY LTD","07337 1461",,"receivables@yhipower.com.au",,"Shop 1 141 Boundary Rd, OXLEY QLD 4075, Australia",0,0,"$",,0,,,,
"V00289","ZAIGEO GROUP","0086-18912460040",,"sales@waterjeter.com",,"ZAIGEO GROUP, 99 GONGYUAN ROAD, QINGPU DISTRICT SHANGAI 201799, China",0,0,"$",,0,,,,
"XM-AU-001-250530","ZAIGEO MACHINERY TECHNOLOGY CO., LTD",008618912460040,,"sales@waterjeter.com",,"NO.99 GONGYUAN ROAD, QINGPU DISTRICT, SHANGHAI 201799, China",100,0,"$",,2006.646,,"N",,
"V00318","ZEXTRUDE",0466454715,,"admin@zextrude.com.au",,,0,0,"$",,0,"WE PURCHASE 3D PRINTER FILAMENT","N",,
"V00317","ZG WATER JET",,,"eva@zgwaterjet.com",,"ZG WATER JET, 99 PARK ROAD, SHANGHAI, China, +86-021-69787273",0,0,"USD",,0,,,,
